true\predicted,0,1,2,3,4,5,6,7,8,9,A,B,C,D,E,F,G,H,I,J,K,L,M,N,O,P,Q,R,S,T,U,V,W,X,Y,Z,a,b,c,d,e,f,g,h,i,j,k,l,m,n,o,p,q,r,s,t,u,v,w,x,y,z
0,19705,7,2,6,0,0,16,5,5,10,0,0,1,20,0,0,6,0,0,0,0,0,0,0,151,0,1,0,0,0,15,0,0,0,0,0,11,3,9,0,5,0,0,0,0,0,0,0,0,2,2,1,0,0,0,0,7,0,0,0,0,0
1,0,21376,3,0,0,0,6,16,16,0,0,0,0,0,0,2,0,0,37,0,0,22,0,0,0,3,0,0,0,0,0,2,0,0,6,0,0,0,0,3,0,0,0,0,47,0,4,181,0,0,0,0,0,9,0,7,0,0,0,0,0,0
2,0,0,18737,35,3,4,0,16,19,7,2,0,1,0,0,0,0,0,4,0,0,2,0,0,0,0,13,2,0,0,0,4,0,0,0,77,27,0,0,4,18,0,10,0,1,3,0,0,0,0,0,0,0,2,2,4,0,6,0,0,0,117
3,16,0,42,20117,0,18,0,6,21,7,0,0,0,3,1,0,0,0,0,2,0,0,0,0,0,0,0,0,8,0,0,0,0,0,0,0,4,0,0,0,0,0,4,0,1,2,0,0,0,0,0,0,0,0,6,0,0,0,0,0,0,2
4,1,0,0,0,18324,0,6,10,17,32,3,0,0,0,0,0,0,16,0,0,0,0,0,3,0,0,0,0,0,2,12,3,0,0,41,0,5,0,0,0,2,1,1,0,0,0,0,0,0,0,0,0,0,0,0,27,9,1,0,2,22,0
5,3,0,4,18,0,16117,13,0,15,9,0,0,0,0,1,0,0,0,0,19,0,0,0,0,0,0,0,0,195,0,1,1,0,0,0,0,0,0,0,0,0,0,2,0,0,7,0,0,0,0,0,0,0,7,214,0,0,9,0,0,0,0
6,17,1,0,0,3,0,18581,0,2,0,0,0,3,0,0,0,29,0,0,0,0,18,0,0,0,0,0,0,1,0,2,0,3,0,0,0,0,139,3,0,0,0,0,4,0,0,0,0,0,0,0,0,0,0,5,0,4,0,0,0,0,0
7,0,30,46,0,0,0,0,19941,13,26,0,0,0,0,0,4,0,0,0,0,0,0,0,0,0,0,0,1,0,13,0,0,0,0,6,3,0,0,0,0,0,0,1,0,2,0,0,0,0,4,0,0,0,0,0,8,0,0,0,0,0,12
8,38,10,1,14,3,25,2,6,18877,18,0,14,0,0,2,0,3,0,0,0,0,0,0,0,1,16,0,4,2,0,0,0,0,0,2,1,2,0,0,20,16,1,2,0,0,0,0,0,0,0,0,12,9,8,2,2,0,0,0,6,1,0
9,0,0,0,4,3,8,0,38,8,18711,0,0,0,0,0,0,0,0,0,0,0,0,0,0,0,2,5,0,2,2,0,0,0,0,0,0,10,0,0,0,0,0,17,0,0,0,0,0,0,0,0,1,29,0,0,0,0,0,0,0,0,0
A,28,4,3,0,96,0,0,0,5,10,7046,2,0,2,0,4,0,29,0,0,1,0,2,0,4,0,1,5,0,3,0,0,0,0,0,0,36,0,0,10,0,3,0,13,0,0,1,0,5,254,0,42,0,4,0,20,0,0,0,7,0,0
B,62,0,5,50,0,0,9,0,231,0,1,3243,2,12,1,0,0,0,0,0,1,0,0,0,21,0,0,2,1,0,0,0,0,0,0,5,9,9,0,0,3,0,0,0,0,0,2,0,0,0,0,4,0,0,0,1,0,0,0,0,0,1
C,94,38,2,0,2,4,188,0,1,0,0,0,6826,0,8,0,16,0,5,0,0,138,0,0,23,1,9,0,2,0,20,0,1,0,0,0,38,0,5879,13,852,0,0,0,9,0,0,0,0,0,0,0,0,94,2,4,16,4,0,0,0,1
D,902,0,24,14,1,0,0,13,21,0,1,8,0,3868,0,0,0,0,6,0,0,0,0,5,283,17,2,0,0,0,12,0,0,0,1,1,4,34,0,0,0,0,0,0,0,1,0,0,0,8,0,30,0,0,0,4,0,0,0,0,0,0
E,19,0,17,0,6,106,90,0,174,14,1,1,25,0,6537,19,10,0,0,0,0,9,0,0,6,0,0,0,16,0,1,0,0,0,0,1,21,0,83,0,384,7,2,0,0,0,0,0,0,0,0,0,4,2,3,69,0,0,0,1,0,22
F,0,9,2,13,25,90,3,20,59,7,9,0,10,0,19,7217,0,0,3,7,0,5,0,0,0,87,0,6,30,42,0,0,0,3,6,0,1,0,9,4,8,4423,3,2,0,0,1,3,1,0,0,66,2,61,3,149,0,0,0,4,0,3
G,5,0,0,1,2,7,119,0,7,13,0,4,3,0,8,0,1217,2,0,0,0,0,2,0,0,0,1,0,0,0,2,0,0,0,0,0,3,5,4,0,0,0,8,0,0,0,1,0,1,0,0,0,0,0,0,0,0,0,0,0,0,0
H,0,0,3,0,127,0,0,0,2,0,47,4,0,0,0,0,0,2789,0,0,2,0,5,108,0,0,0,0,0,0,9,0,0,2,0,1,0,0,0,5,0,0,0,5,0,0,6,0,2,22,0,0,0,0,0,6,4,0,0,11,0,0
I,5,7494,11,2,0,4,3,8,12,4,0,0,1,0,0,8,0,0,4883,9,0,3,0,0,5,3,0,0,0,7,0,1,0,0,0,8,0,0,3,9,2,3,0,0,1684,0,0,1550,0,0,0,1,0,44,0,14,0,1,0,0,0,8
J,0,35,21,53,4,50,0,18,5,0,5,0,0,8,0,0,0,0,31,2799,0,0,0,3,0,0,0,0,55,57,42,2,0,0,0,0,0,1,0,24,0,0,6,0,19,513,0,10,0,0,0,0,0,0,16,12,24,17,0,0,0,0
K,0,0,2,0,0,5,0,0,0,0,0,3,1,0,4,2,0,4,0,0,1221,3,2,0,0,0,0,5,0,0,1,0,0,15,0,0,0,0,4,0,1,0,0,0,0,0,243,0,0,0,0,0,0,0,0,3,0,0,0,6,0,0
L,0,130,21,0,3,2,133,0,3,0,0,0,50,0,0,2,0,0,23,3,1,5385,0,0,0,0,0,0,0,0,1,0,0,6,1,0,3,10,35,4,2,0,1,39,14,0,0,26,0,0,0,0,0,2,0,5,0,0,0,0,0,0
M,2,0,0,0,38,0,0,34,0,0,33,0,0,1,0,0,0,21,0,0,0,0,6067,23,2,0,0,0,0,0,1,0,2,0,0,0,8,1,0,0,0,0,0,4,0,0,0,0,5125,226,0,1,0,10,0,0,1,0,8,1,0,1
N,0,0,10,0,9,0,1,4,0,0,8,0,0,1,0,0,0,17,0,5,1,1,10,10943,0,0,0,0,0,0,12,1,3,0,1,0,5,0,0,10,0,0,0,0,0,6,7,0,8,166,0,7,0,4,0,0,17,30,94,3,0,1
O,22272,3,3,0,1,0,1,0,14,0,1,5,12,62,0,0,6,0,12,0,0,0,0,0,13864,2,15,0,2,0,20,0,0,0,0,0,30,0,11,0,3,0,0,0,17,0,0,0,0,3,0,3,0,0,2,0,0,1,0,0,0,0
P,11,7,2,0,0,0,4,7,104,8,17,1,1,101,0,8,3,5,1,0,0,0,0,5,4,8964,1,0,0,3,0,0,0,0,3,0,0,8,0,0,18,9,0,0,0,0,0,2,0,1,0,1456,0,1,0,0,0,0,0,0,0,0
Q,20,0,0,0,0,0,0,0,6,39,0,0,0,1,0,0,4,0,0,0,0,0,0,0,4,4,1321,0,0,0,0,0,0,0,0,0,49,0,0,0,0,0,2,0,0,0,0,0,0,0,0,0,5,0,0,0,0,0,0,0,0,0
R,0,0,9,1,0,1,0,2,15,2,107,10,0,0,1,3,0,0,0,0,12,2,0,10,0,13,0,7041,0,0,0,0,0,1,0,0,83,0,0,0,274,0,0,2,0,0,18,0,0,24,0,35,0,2,0,0,0,0,3,15,0,4
S,42,17,16,352,0,5454,111,0,270,51,9,0,7,0,3,3,9,0,8,28,0,0,0,0,16,3,0,1,15265,2,0,0,0,0,0,0,4,3,4,14,6,3,33,0,6,32,0,0,0,0,0,2,2,22,9971,4,0,0,0,1,0,1
T,0,7,0,0,2,6,0,440,2,0,0,0,0,0,0,5,0,0,8,11,0,0,0,0,0,0,0,0,0,12313,0,0,0,3,1,1,0,0,0,0,0,0,0,0,1,0,0,0,0,0,0,0,0,136,0,315,0,0,0,1,0,3
U,252,0,51,0,252,0,27,2,0,1,0,0,2,1,0,0,0,3,0,7,0,8,7,2,22,0,10,0,0,0,10779,112,23,4,0,9,51,4,2,14,8,0,2,8,0,8,6,0,1,9,0,0,3,0,1,1,5426,315,26,15,5,1
V,9,14,1,0,1,3,4,0,4,0,0,0,0,0,0,0,0,0,8,6,0,0,0,6,2,0,0,0,0,0,338,2388,0,0,29,0,0,0,0,0,0,0,0,0,6,5,0,1,0,0,0,0,0,154,0,3,56,2022,0,2,18,0
W,0,0,5,0,4,0,16,0,0,0,0,0,0,0,0,0,0,22,0,0,0,3,5,181,0,1,1,0,0,0,25,1,3742,1,0,0,14,0,0,0,0,0,0,3,0,0,0,0,0,26,0,2,1,0,0,0,13,0,771,3,0,0
X,0,0,0,0,8,0,5,0,5,0,0,0,0,3,0,0,0,0,0,0,19,0,0,0,0,0,0,1,0,0,0,0,0,1192,2,0,0,0,0,0,0,0,0,0,0,0,5,0,0,0,0,2,1,0,0,4,0,0,0,361,0,2
Y,3,29,14,14,564,7,0,160,22,4,0,0,0,5,0,0,0,0,5,30,0,0,0,0,2,1,0,0,0,6,6,25,0,12,3487,2,2,0,0,9,0,0,11,0,2,3,0,2,0,2,0,0,0,139,0,19,3,26,0,7,587,0
Z,0,0,249,4,0,0,0,9,5,0,0,0,0,0,0,0,0,0,4,0,0,0,0,0,0,0,0,0,0,0,0,0,0,3,0,928,0,0,0,0,0,0,0,0,0,0,0,0,0,0,0,0,0,0,0,2,0,0,0,0,0,316
a,260,0,983,39,13,0,1,5,80,160,142,0,2,0,0,0,0,0,0,0,0,1,1,2,87,1,85,8,2,0,13,0,5,0,0,2,10423,0,6,99,20,0,0,1,0,0,0,0,3,21,0,0,38,0,0,0,4,0,7,5,1,30
b,36,0,0,4,5,5,671,0,23,0,0,58,0,26,0,0,1,0,0,0,0,7,0,0,7,0,0,1,6,0,0,0,2,0,0,0,0,4426,0,2,2,3,0,29,0,0,2,0,0,0,0,3,0,0,0,9,0,0,1,0,0,1
c,11,0,3,0,0,0,10,0,0,0,0,0,381,0,0,0,0,0,0,0,0,0,0,5,0,0,0,0,0,0,0,0,0,0,0,0,9,0,1158,0,25,5,0,0,1,0,0,0,0,0,0,0,0,0,2,0,0,0,0,0,0,0
d,58,4,94,0,33,0,7,2,52,0,1,0,3,88,0,0,0,0,0,17,0,15,0,5,12,0,20,1,0,0,2,0,0,0,0,0,63,4,1,12577,5,1,0,1,0,27,0,1,0,0,0,1,1,0,0,1,3,0,0,0,0,0
e,153,6,49,0,11,0,1,0,50,3,0,6,84,0,81,0,4,0,4,0,0,9,0,0,15,28,21,21,0,0,5,0,0,0,0,0,124,0,431,6,35164,1,0,2,9,0,0,0,0,0,0,82,0,10,0,3,3,0,10,4,0,0
f,0,0,5,0,3,13,6,4,17,1,0,0,5,0,2,397,3,0,1,0,0,0,0,0,0,9,0,1,1,0,0,0,0,3,2,0,0,0,0,1,2,966,0,0,2,0,0,0,0,0,0,11,0,8,0,35,0,0,0,2,0,0
g,8,0,29,47,5,21,19,25,437,1185,7,6,2,1,0,4,63,0,0,21,0,0,0,0,1,3,2,0,52,0,0,0,0,0,13,1,53,0,0,19,7,0,1463,0,0,3,0,4,0,0,0,0,96,0,3,0,0,0,0,0,0,0
h,0,18,1,0,5,9,71,0,1,0,11,0,0,0,0,0,0,73,0,0,0,216,5,4,0,0,0,11,2,0,3,0,5,7,0,0,3,64,0,4,0,0,0,9783,0,0,18,1,3,466,0,0,0,0,0,1,4,0,0,1,0,0
i,0,668,11,0,0,0,8,3,1,0,0,0,0,0,5,0,0,0,27,0,0,8,0,5,0,1,0,0,0,0,0,0,0,0,0,0,0,0,2,0,0,0,0,2,925,15,0,8,0,0,0,0,0,0,0,1,0,0,0,0,0,0
j,0,26,5,29,0,14,0,7,9,5,0,0,0,0,0,0,0,0,1,130,0,0,0,0,0,0,0,0,1,1,0,2,0,0,0,0,0,0,0,12,0,7,2,0,204,817,0,2,0,2,0,0,0,0,0,8,0,11,0,0,0,0
k,0,0,0,0,0,4,0,0,4,0,0,0,0,0,1,2,0,5,0,0,540,2,2,0,0,0,0,17,0,0,3,0,0,0,0,0,0,0,0,0,0,0,0,10,0,0,957,0,0,3,0,0,0,0,0,1,1,0,0,8,0,0
l,0,18368,0,0,5,0,12,20,22,0,0,0,1,0,1,1,0,0,5252,0,0,193,0,0,0,1,0,12,0,0,0,0,0,0,7,0,0,1,3,0,28,1,0,5,972,0,0,6550,0,0,0,1,0,31,0,6,0,1,0,1,0,0
m,0,0,0,0,6,0,0,7,0,0,0,0,0,0,0,0,0,2,0,0,0,0,367,0,0,0,0,0,0,0,0,0,0,0,0,0,0,0,0,0,0,0,0,3,0,0,0,0,1102,23,0,0,0,0,0,0,0,0,0,0,0,0
n,6,0,19,0,7,3,0,96,0,3,16,2,0,4,0,0,0,8,0,0,0,0,39,322,0,0,0,11,0,0,5,0,0,0,0,0,30,1,0,0,0,0,0,80,0,0,1,0,75,14562,0,2,0,45,0,0,15,0,7,26,1,14
o,1534,5,0,0,0,0,0,4,0,9,0,0,2,5,0,0,0,0,0,0,0,0,0,0,63,0,0,0,0,0,0,0,0,0,0,0,2,0,3,0,2,0,0,0,0,0,0,0,0,1,15,0,0,0,0,0,0,0,0,0,0,0
p,7,4,0,0,0,0,0,0,8,0,5,0,0,5,0,0,0,0,0,0,0,0,0,0,0,561,0,3,0,0,0,0,0,0,0,0,0,0,0,0,5,0,0,0,0,0,0,0,0,0,0,759,0,3,0,0,0,0,0,0,0,0
q,24,2,6,5,20,0,0,13,392,1578,1,0,3,9,0,2,1,0,0,0,0,0,0,0,0,15,58,0,2,0,0,0,0,0,3,0,54,0,0,0,12,2,61,0,0,1,0,0,0,1,0,1,670,0,0,2,2,0,0,0,0,0
r,3,76,8,0,9,12,2,20,27,0,1,0,10,0,0,5,0,1,17,0,0,0,1,10,0,9,0,195,1,111,0,50,0,0,55,0,9,0,11,0,14,4,0,50,5,0,5,3,11,191,0,10,0,18982,1,64,0,118,0,17,17,0
s,4,0,1,31,11,389,3,0,12,6,1,0,0,0,0,0,0,0,1,0,0,2,0,9,2,0,0,3,335,0,1,0,0,0,0,0,7,0,1,5,3,0,9,0,0,0,0,0,0,0,0,0,0,0,772,0,0,2,5,0,0,0
t,3,147,43,0,417,4,76,171,34,2,2,0,18,1,29,40,0,1,30,3,2,26,0,0,2,3,0,0,0,1400,0,0,0,2,44,13,0,25,23,4,42,205,0,13,0,8,6,6,0,0,0,0,0,135,0,22950,0,1,0,32,7,95
u,9,0,5,0,94,1,1,0,3,0,0,0,0,0,0,0,0,0,0,0,0,0,0,0,0,0,0,0,0,0,346,1,1,0,0,0,6,0,0,0,0,0,0,0,0,0,1,0,0,0,0,0,2,0,0,0,1029,32,18,5,6,0
v,6,2,0,0,4,6,0,3,0,0,0,0,0,0,0,0,0,0,0,0,3,0,0,8,0,0,0,0,0,1,38,395,1,0,0,0,0,0,0,0,0,0,0,0,0,0,1,0,4,0,0,0,0,18,0,7,20,1076,11,0,6,0
w,0,0,0,0,6,0,0,0,0,0,0,0,0,0,0,0,0,8,0,0,0,0,5,22,0,0,0,0,0,0,0,0,341,0,0,0,0,0,0,0,0,0,0,0,0,0,0,0,6,4,0,0,0,0,0,0,0,2,1241,0,0,0
x,0,1,7,0,16,0,0,1,0,0,0,0,0,0,0,6,0,0,0,0,5,1,1,2,0,0,0,0,0,0,0,0,0,343,5,0,0,5,0,0,0,0,0,0,0,0,2,0,0,16,0,0,0,1,0,12,0,0,0,1254,0,7
y,0,2,0,5,234,3,0,8,0,6,0,0,0,0,0,0,0,0,0,0,0,0,2,0,0,0,0,0,0,0,0,6,0,5,438,0,0,0,0,0,0,0,6,0,0,1,0,0,0,0,0,0,0,0,0,0,2,17,0,15,670,0
z,0,0,337,21,0,0,0,0,24,0,0,0,0,0,1,0,0,0,0,0,0,0,0,0,0,0,0,0,0,0,0,0,0,1,0,244,0,0,0,0,1,0,1,0,0,0,0,0,0,0,0,0,0,0,0,3,0,3,0,5,0,959
